Group,Num,Age_mean,Age_std,Age_max,Age_min,Gender_M,Gender_F,MMSE_mean,MMSE_std,MMSE_max,MMSE_min
CN,435,74.55747126436782,6.240137512219373,93.8,56.0,210,225,29.25423728813559,1.13855959120441,30.0,26.0
AD,306,75.37026143790851,7.958247475559289,90.7,55.3,183,123,20.25925925925926,5.530284403540707,30.0,9.0
sMCI,346,72.62803468208092,7.6364757907781975,90.6,55.3,208,138,28.05,2.1144863753590246,30.0,22.0
pMCI,180,74.12833333333333,6.955936936115643,89.8,55.1,100,80,25.666666666666668,2.503331114069145,28.0,21.0
Total,1267,74.16590370955012,7.238075503793789,93.8,55.1,701,566,26.678571428571427,4.778356394482294,30.0,9.0
